ID,NAME,COMPANY
1,J. Random Hacker,Main St 101
2,John Random Hacker,Main St 101
3,Jacob Hacker,Main Street 201
4,J. Random Hacker,Main St 101
5,John Random Hacker,Main St 101
6,Jacob Hacker,Main Street 201
7,J. Random Hacker,Main St 101
8,John Random Hacker,Main St 101
9,Jacob Hacker,Main Street 201
10,J. Random Hacker,Main St 101
11,John Random Hacker,Main St 101
12,Jacob Hacker,Main Street 201
1,J. Random Hacker,Main St 101
2,John Random Hacker,Main St 101
3,Jacob Hacker,Main Street 201
4,J. Random Hacker,Main St 101
5,John Random Hacker,Main St 101
6,Jacob Hacker,Main Street 201
7,J. Random Hacker,Main St 101
8,John Random Hacker,Main St 101
9,Jacob Hacker,Main Street 201
10,J. Random Hacker,Main St 101
11,John Random Hacker,Main St 101
12,Jacob Hacker,Main Street 201
1,J. Random Hacker,Main St 101
2,John Random Hacker,Main St 101
3,Jacob Hacker,Main Street 201
4,J. Random Hacker,Main St 101
5,John Random Hacker,Main St 101
6,Jacob Hacker,Main Street 201
7,J. Random Hacker,Main St 101
8,John Random Hacker,Main St 101
9,Jacob Hacker,Main Street 201
10,J. Random Hacker,Main St 101
11,John Random Hacker,Main St 101
12,Jacob Hacker,Main Street 201
1,J. Random Hacker,Main St 101
2,John Random Hacker,Main St 101
3,Jacob Hacker,Main Street 201
4,J. Random Hacker,Main St 101
5,John Random Hacker,Main St 101
6,Jacob Hacker,Main Street 201
7,J. Random Hacker,Main St 101
8,John Random Hacker,Main St 101
9,Jacob Hacker,Main Street 201
10,J. Random Hacker,Main St 101
11,John Random Hacker,Main St 101
12,Jacob Hacker,Main Street 201
1,J. Random Hacker,Main St 101
2,John Random Hacker,Main St 101
3,Jacob Hacker,Main Street 201
4,J. Random Hacker,Main St 101
5,John Random Hacker,Main St 101
6,Jacob Hacker,Main Street 201
7,J. Random Hacker,Main St 101
8,John Random Hacker,Main St 101
9,Jacob Hacker,Main Street 201
10,J. Random Hacker,Main St 101
11,John Random Hacker,Main St 101
12,Jacob Hacker,Main Street 201
1,J. Random Hacker,Main St 101
2,John Random Hacker,Main St 101
3,Jacob Hacker,Main Street 201
4,J. Random Hacker,Main St 101
5,John Random Hacker,Main St 101
6,Jacob Hacker,Main Street 201
7,J. Random Hacker,Main St 101
8,John Random Hacker,Main St 101
9,Jacob Hacker,Main Street 201
10,J. Random Hacker,Main St 101
11,John Random Hacker,Main St 101
12,Jacob Hacker,Main Street 201
1,J. Random Hacker,Main St 101
2,John Random Hacker,Main St 101
3,Jacob Hacker,Main Street 201
4,J. Random Hacker,Main St 101
5,John Random Hacker,Main St 101
6,Jacob Hacker,Main Street 201
7,J. Random Hacker,Main St 101
8,John Random Hacker,Main St 101
9,Jacob Hacker,Main Street 201
10,J. Random Hacker,Main St 101
11,John Random Hacker,Main St 101
12,Jacob Hacker,Main Street 201
1,J. Random Hacker,Main St 101
2,John Random Hacker,Main St 101
3,Jacob Hacker,Main Street 201
4,J. Random Hacker,Main St 101
5,John Random Hacker,Main St 101
6,Jacob Hacker,Main Street 201
7,J. Random Hacker,Main St 101
8,John Random Hacker,Main St 101
9,Jacob Hacker,Main Street 201
10,J. Random Hacker,Main St 101
11,John Random Hacker,Main St 101
12,Jacob Hacker,Main Street 201
1,J. Random Hacker,Main St 101
2,John Random Hacker,Main St 101
3,Jacob Hacker,Main Street 201
4,J. Random Hacker,Main St 101
5,John Random Hacker,Main St 101
6,Jacob Hacker,Main Street 201
7,J. Random Hacker,Main St 101
8,John Random Hacker,Main St 101
9,Jacob Hacker,Main Street 201
10,J. Random Hacker,Main St 101
11,John Random Hacker,Main St 101
12,Jacob Hacker,Main Street 201
1,J. Random Hacker,Main St 101
2,John Random Hacker,Main St 101
3,Jacob Hacker,Main Street 201
4,J. Random Hacker,Main St 101
5,John Random Hacker,Main St 101
6,Jacob Hacker,Main Street 201
7,J. Random Hacker,Main St 101
8,John Random Hacker,Main St 101
9,Jacob Hacker,Main Street 201
10,J. Random Hacker,Main St 101
11,John Random Hacker,Main St 101
12,Jacob Hacker,Main Street 201
1,J. Random Hacker,Main St 101
2,John Random Hacker,Main St 101
3,Jacob Hacker,Main Street 201
4,J. Random Hacker,Main St 101
5,John Random Hacker,Main St 101
6,Jacob Hacker,Main Street 201
7,J. Random Hacker,Main St 101
8,John Random Hacker,Main St 101
9,Jacob Hacker,Main Street 201
10,J. Random Hacker,Main St 101
11,John Random Hacker,Main St 101
12,Jacob Hacker,Main Street 201
1,J. Random Hacker,Main St 101
2,John Random Hacker,Main St 101
3,Jacob Hacker,Main Street 201
4,J. Random Hacker,Main St 101
5,John Random Hacker,Main St 101
6,Jacob Hacker,Main Street 201
7,J. Random Hacker,Main St 101
8,John Random Hacker,Main St 101
9,Jacob Hacker,Main Street 201
10,J. Random Hacker,Main St 101
11,John Random Hacker,Main St 101
12,Jacob Hacker,Main Street 201
1,J. Random Hacker,Main St 101
2,John Random Hacker,Main St 101
3,Jacob Hacker,Main Street 201
4,J. Random Hacker,Main St 101
5,John Random Hacker,Main St 101
6,Jacob Hacker,Main Street 201
7,J. Random Hacker,Main St 101
8,John Random Hacker,Main St 101
9,Jacob Hacker,Main Street 201
10,J. Random Hacker,Main St 101
11,John Random Hacker,Main St 101
12,Jacob Hacker,Main Street 201
1,J. Random Hacker,Main St 101
2,John Random Hacker,Main St 101
3,Jacob Hacker,Main Street 201
4,J. Random Hacker,Main St 101
5,John Random Hacker,Main St 101
6,Jacob Hacker,Main Street 201
7,J. Random Hacker,Main St 101
8,John Random Hacker,Main St 101
9,Jacob Hacker,Main Street 201
10,J. Random Hacker,Main St 101
11,John Random Hacker,Main St 101
12,Jacob Hacker,Main Street 201